run_id,date,stage,description,data_scope,n_s1_queries,key_params,recall_at_candidates,val_precision,val_recall,val_f0.5,notes
blk_baseline_20000_20260926_122100:name_exact,2026-09-26,blocking,name_exact,train fold 0 sample; pools = full train S2+S3,20000,max_group=50,0.28756,,,,oracle_f05=0.520032; cands_mean=7.6; RR=0.999999; sec=1.04; peak_gb=1.65
blk_baseline_20000_20260926_122100:name_core,2026-09-26,blocking,name_core,train fold 0 sample; pools = full train S2+S3,20000,max_group=50,0.488654,,,,oracle_f05=0.694852; cands_mean=12.1; RR=0.999999; sec=1.2; peak_gb=1.66
blk_baseline_20000_20260926_122100:addr_exact,2026-09-26,blocking,addr_exact,train fold 0 sample; pools = full train S2+S3,20000,max_group=50,0.124026,,,,oracle_f05=0.269737; cands_mean=0.5; RR=1.0; sec=0.59; peak_gb=1.68
blk_baseline_20000_20260926_122100:addr_set,2026-09-26,blocking,addr_set,train fold 0 sample; pools = full train S2+S3,20000,max_group=50,0.186428,,,,oracle_f05=0.364649; cands_mean=0.8; RR=1.0; sec=0.76; peak_gb=1.68
blk_baseline_20000_20260926_122100:tfidf_n,2026-09-26,blocking,tfidf_n,train fold 0 sample; pools = full train S2+S3,20000,"{""namespaces"": ""n"", ""cap_df"": 20000, ""top_r"": 300, ""top_k"": 100, ""rescore"": true, ""work_budget"": 30000000.0}",0.576231,,,,oracle_f05=0.69034; cands_mean=193.7; RR=0.999981; sec=39.86; peak_gb=3.51
blk_baseline_20000_20260926_122100:tfidf_ab,2026-09-26,blocking,tfidf_ab,train fold 0 sample; pools = full train S2+S3,20000,"{""namespaces"": ""ab"", ""cap_df"": 20000, ""top_r"": 300, ""top_k"": 100, ""rescore"": true, ""work_budget"": 30000000.0}",0.91274,,,,oracle_f05=0.967489; cands_mean=199.8; RR=0.999981; sec=58.47; peak_gb=3.51
blk_baseline_20000_20260926_122100:tfidf_nab,2026-09-26,blocking,tfidf_nab,train fold 0 sample; pools = full train S2+S3,20000,"{""namespaces"": ""nab"", ""cap_df"": 20000, ""top_r"": 300, ""top_k"": 100, ""rescore"": true, ""work_budget"": 30000000.0}",0.980441,,,,oracle_f05=0.992693; cands_mean=200.0; RR=0.999981; sec=90.98; peak_gb=3.51
blk_baseline_20000_20260926_122100:tfidf_nab_norescore,2026-09-26,blocking,tfidf_nab_norescore,train fold 0 sample; pools = full train S2+S3,20000,"{""namespaces"": ""nab"", ""cap_df"": 20000, ""top_r"": 300, ""top_k"": 100, ""rescore"": false, ""work_budget"": 30000000.0}",0.976543,,,,oracle_f05=0.991389; cands_mean=200.0; RR=0.999981; sec=81.72; peak_gb=3.51
blk_baseline_20000_20260926_122100:tfidf_nab@5/source,2026-09-26,blocking,tfidf_nab@5/source,train fold 0 sample; pools = full train S2+S3,20000,top_k per source=5,0.929355,,,,oracle_f05=0.975805; cands_mean=10.0; RR=0.999999; sec=; peak_gb=
blk_baseline_20000_20260926_122100:tfidf_nab@10/source,2026-09-26,blocking,tfidf_nab@10/source,train fold 0 sample; pools = full train S2+S3,20000,top_k per source=10,0.955641,,,,oracle_f05=0.983928; cands_mean=20.0; RR=0.999998; sec=; peak_gb=
blk_baseline_20000_20260926_122100:tfidf_nab@20/source,2026-09-26,blocking,tfidf_nab@20/source,train fold 0 sample; pools = full train S2+S3,20000,top_k per source=20,0.968243,,,,oracle_f05=0.988434; cands_mean=40.0; RR=0.999996; sec=; peak_gb=
blk_baseline_20000_20260926_122100:tfidf_nab@30/source,2026-09-26,blocking,tfidf_nab@30/source,train fold 0 sample; pools = full train S2+S3,20000,top_k per source=30,0.972588,,,,oracle_f05=0.990028; cands_mean=60.0; RR=0.999994; sec=; peak_gb=
blk_baseline_20000_20260926_122100:tfidf_nab@50/source,2026-09-26,blocking,tfidf_nab@50/source,train fold 0 sample; pools = full train S2+S3,20000,top_k per source=50,0.976384,,,,oracle_f05=0.991373; cands_mean=100.0; RR=0.99999; sec=; peak_gb=
blk_baseline_20000_20260926_122100:tfidf_nab@100/source,2026-09-26,blocking,tfidf_nab@100/source,train fold 0 sample; pools = full train S2+S3,20000,top_k per source=100,0.980441,,,,oracle_f05=0.992693; cands_mean=200.0; RR=0.999981; sec=; peak_gb=
blk_baseline_20000_20260926_122100:keys_all,2026-09-26,blocking,keys_all,train fold 0 sample; pools = full train S2+S3,20000,name_exact+name_core+addr_exact+addr_set,0.614672,,,,oracle_f05=0.809766; cands_mean=16.2; RR=0.999998; sec=; peak_gb=
blk_baseline_20000_20260926_122100:tfidf_n+tfidf_ab,2026-09-26,blocking,tfidf_n+tfidf_ab,train fold 0 sample; pools = full train S2+S3,20000,tfidf_n+tfidf_ab,0.979098,,,,oracle_f05=0.991665; cands_mean=391.2; RR=0.999962; sec=; peak_gb=
blk_baseline_20000_20260926_122100:tfidf_nab+keys_all,2026-09-26,blocking,tfidf_nab+keys_all,train fold 0 sample; pools = full train S2+S3,20000,tfidf_nab+name_exact+name_core+addr_exact+addr_set,0.981393,,,,oracle_f05=0.993124; cands_mean=211.6; RR=0.999979; sec=; peak_gb=
blk_v2_5000_20260926_171216:name_exact,2026-09-26,blocking,name_exact,train fold 0 sample; pools = full train S2+S3,5000,norm_v2; max_group=50,0.290836,,,,oracle_f05=0.522211; cands_mean=8.0; RR=0.999999; sec=0.47; peak_gb=1.55
blk_v2_5000_20260926_171216:name_core,2026-09-26,blocking,name_core,train fold 0 sample; pools = full train S2+S3,5000,norm_v2; max_group=50,0.485229,,,,oracle_f05=0.687541; cands_mean=12.3; RR=0.999999; sec=0.52; peak_gb=1.57
blk_v2_5000_20260926_171216:addr_exact,2026-09-26,blocking,addr_exact,train fold 0 sample; pools = full train S2+S3,5000,norm_v2; max_group=50,0.128707,,,,oracle_f05=0.277488; cands_mean=0.5; RR=1.0; sec=0.45; peak_gb=1.55
blk_v2_5000_20260926_171216:addr_set,2026-09-26,blocking,addr_set,train fold 0 sample; pools = full train S2+S3,5000,norm_v2; max_group=50,0.189759,,,,oracle_f05=0.369089; cands_mean=0.8; RR=1.0; sec=0.41; peak_gb=1.55
blk_v2_5000_20260926_171216:tfidf_nab,2026-09-26,blocking,tfidf_nab,train fold 0 sample; pools = full train S2+S3,5000,"norm_v2; {""namespaces"": ""nab"", ""cap_df"": 20000, ""top_r"": 300, ""top_k"": 100, ""rescore"": true, ""work_budget"": 30000000.0, ""ns_weights"": {}}",0.982333,,,,oracle_f05=0.993351; cands_mean=200.0; RR=0.999981; sec=28.88; peak_gb=2.97
blk_v2_5000_20260926_171216:tfidf_nabp,2026-09-26,blocking,tfidf_nabp,train fold 0 sample; pools = full train S2+S3,5000,"norm_v2; {""namespaces"": ""nabp"", ""cap_df"": 20000, ""top_r"": 300, ""top_k"": 100, ""rescore"": true, ""work_budget"": 30000000.0, ""ns_weights"": {}}",0.980364,,,,oracle_f05=0.992995; cands_mean=200.0; RR=0.999981; sec=30.83; peak_gb=2.97
blk_v2_5000_20260926_171216:tfidf_nabp_p0.5,2026-09-26,blocking,tfidf_nabp_p0.5,train fold 0 sample; pools = full train S2+S3,5000,"norm_v2; {""namespaces"": ""nabp"", ""cap_df"": 20000, ""top_r"": 300, ""top_k"": 100, ""rescore"": true, ""work_budget"": 30000000.0, ""ns_weights"": {""p"": 0.5}}",0.983376,,,,oracle_f05=0.993914; cands_mean=200.0; RR=0.999981; sec=30.92; peak_gb=2.97
blk_v2_5000_20260926_171216:tfidf_nabp_addr0.7,2026-09-26,blocking,tfidf_nabp_addr0.7,train fold 0 sample; pools = full train S2+S3,5000,"norm_v2; {""namespaces"": ""nabp"", ""cap_df"": 20000, ""top_r"": 300, ""top_k"": 100, ""rescore"": true, ""work_budget"": 30000000.0, ""ns_weights"": {""a"": 0.7, ""b"": 0.7}}",0.971096,,,,oracle_f05=0.989988; cands_mean=200.0; RR=0.999981; sec=30.72; peak_gb=2.97
blk_v2_5000_20260926_171216:tfidf_nabp@5/source,2026-09-26,blocking,tfidf_nabp@5/source,train fold 0 sample; pools = full train S2+S3,5000,norm_v2; top_k per source=5,0.938658,,,,oracle_f05=0.979621; cands_mean=10.0; RR=0.999999; sec=; peak_gb=
blk_v2_5000_20260926_171216:tfidf_nabp@10/source,2026-09-26,blocking,tfidf_nabp@10/source,train fold 0 sample; pools = full train S2+S3,5000,norm_v2; top_k per source=10,0.960496,,,,oracle_f05=0.986374; cands_mean=20.0; RR=0.999998; sec=; peak_gb=
blk_v2_5000_20260926_171216:tfidf_nabp@20/source,2026-09-26,blocking,tfidf_nabp@20/source,train fold 0 sample; pools = full train S2+S3,5000,norm_v2; top_k per source=20,0.969706,,,,oracle_f05=0.989328; cands_mean=40.0; RR=0.999996; sec=; peak_gb=
blk_v2_5000_20260926_171216:tfidf_nabp@30/source,2026-09-26,blocking,tfidf_nabp@30/source,train fold 0 sample; pools = full train S2+S3,5000,norm_v2; top_k per source=30,0.973587,,,,oracle_f05=0.990521; cands_mean=60.0; RR=0.999994; sec=; peak_gb=
blk_v2_5000_20260926_171216:tfidf_nabp@50/source,2026-09-26,blocking,tfidf_nabp@50/source,train fold 0 sample; pools = full train S2+S3,5000,norm_v2; top_k per source=50,0.97741,,,,oracle_f05=0.991854; cands_mean=100.0; RR=0.99999; sec=; peak_gb=
blk_v2_5000_20260926_171216:tfidf_nabp@100/source,2026-09-26,blocking,tfidf_nabp@100/source,train fold 0 sample; pools = full train S2+S3,5000,norm_v2; top_k per source=100,0.980364,,,,oracle_f05=0.992995; cands_mean=200.0; RR=0.999981; sec=; peak_gb=
blk_v2_5000_20260926_171216:keys_all,2026-09-26,blocking,keys_all,train fold 0 sample; pools = full train S2+S3,5000,norm_v2; name_exact+name_core+addr_exact+addr_set,0.613763,,,,oracle_f05=0.806216; cands_mean=16.6; RR=0.999998; sec=; peak_gb=
blk_v2_5000_20260926_171216:tfidf_nabp+keys_all,2026-09-26,blocking,tfidf_nabp+keys_all,train fold 0 sample; pools = full train S2+S3,5000,norm_v2; tfidf_nabp+name_exact+name_core+addr_exact+addr_set,0.981117,,,,oracle_f05=0.993539; cands_mean=210.2; RR=0.99998; sec=; peak_gb=
blk_v2_5000_20260926_172953:name_exact,2026-09-26,blocking,name_exact,train fold 0 sample; pools = full train S2+S3,5000,norm_v2; max_group=50,0.290836,,,,oracle_f05=0.522211; cands_mean=8.0; RR=0.999999; sec=0.22; peak_gb=1.57
blk_v2_5000_20260926_172953:name_core,2026-09-26,blocking,name_core,train fold 0 sample; pools = full train S2+S3,5000,norm_v2; max_group=50,0.485229,,,,oracle_f05=0.687541; cands_mean=12.3; RR=0.999999; sec=0.24; peak_gb=1.57
blk_v2_5000_20260926_172953:addr_exact,2026-09-26,blocking,addr_exact,train fold 0 sample; pools = full train S2+S3,5000,norm_v2; max_group=50,0.128707,,,,oracle_f05=0.277488; cands_mean=0.5; RR=1.0; sec=0.23; peak_gb=1.57
blk_v2_5000_20260926_172953:addr_set,2026-09-26,blocking,addr_set,train fold 0 sample; pools = full train S2+S3,5000,norm_v2; max_group=50,0.189759,,,,oracle_f05=0.369089; cands_mean=0.8; RR=1.0; sec=0.21; peak_gb=1.57
blk_v2_5000_20260926_172953:tfidf_nab,2026-09-26,blocking,tfidf_nab,train fold 0 sample; pools = full train S2+S3,5000,"norm_v2; {""namespaces"": ""nab"", ""cap_df"": 20000, ""top_r"": 300, ""top_k"": 100, ""rescore"": true, ""work_budget"": 30000000.0, ""ns_weights"": {}}",0.982333,,,,oracle_f05=0.993326; cands_mean=200.0; RR=0.999981; sec=17.42; peak_gb=2.97
blk_v2_5000_20260926_172953:tfidf_nabp,2026-09-26,blocking,tfidf_nabp,train fold 0 sample; pools = full train S2+S3,5000,"norm_v2; {""namespaces"": ""nabp"", ""cap_df"": 20000, ""top_r"": 300, ""top_k"": 100, ""rescore"": true, ""work_budget"": 30000000.0, ""ns_weights"": {}}",0.980306,,,,oracle_f05=0.99299; cands_mean=200.0; RR=0.999981; sec=19.65; peak_gb=2.97
blk_v2_5000_20260926_172953:tfidf_nabp_p0.5,2026-09-26,blocking,tfidf_nabp_p0.5,train fold 0 sample; pools = full train S2+S3,5000,"norm_v2; {""namespaces"": ""nabp"", ""cap_df"": 20000, ""top_r"": 300, ""top_k"": 100, ""rescore"": true, ""work_budget"": 30000000.0, ""ns_weights"": {""p"": 0.5}}",0.983376,,,,oracle_f05=0.993896; cands_mean=200.0; RR=0.999981; sec=20.13; peak_gb=2.97
blk_v2_5000_20260926_172953:tfidf_nabp_addr0.7,2026-09-26,blocking,tfidf_nabp_addr0.7,train fold 0 sample; pools = full train S2+S3,5000,"norm_v2; {""namespaces"": ""nabp"", ""cap_df"": 20000, ""top_r"": 300, ""top_k"": 100, ""rescore"": true, ""work_budget"": 30000000.0, ""ns_weights"": {""a"": 0.7, ""b"": 0.7}}",0.970633,,,,oracle_f05=0.989828; cands_mean=200.0; RR=0.999981; sec=18.59; peak_gb=2.97
blk_v2_5000_20260926_172953:tfidf_nabp@5/source,2026-09-26,blocking,tfidf_nabp@5/source,train fold 0 sample; pools = full train S2+S3,5000,norm_v2; top_k per source=5,0.937674,,,,oracle_f05=0.979077; cands_mean=10.0; RR=0.999999; sec=; peak_gb=
blk_v2_5000_20260926_172953:tfidf_nabp@10/source,2026-09-26,blocking,tfidf_nabp@10/source,train fold 0 sample; pools = full train S2+S3,5000,norm_v2; top_k per source=10,0.960496,,,,oracle_f05=0.986375; cands_mean=20.0; RR=0.999998; sec=; peak_gb=
blk_v2_5000_20260926_172953:tfidf_nabp@20/source,2026-09-26,blocking,tfidf_nabp@20/source,train fold 0 sample; pools = full train S2+S3,5000,norm_v2; top_k per source=20,0.96988,,,,oracle_f05=0.989247; cands_mean=40.0; RR=0.999996; sec=; peak_gb=
blk_v2_5000_20260926_172953:tfidf_nabp@30/source,2026-09-26,blocking,tfidf_nabp@30/source,train fold 0 sample; pools = full train S2+S3,5000,norm_v2; top_k per source=30,0.973355,,,,oracle_f05=0.990446; cands_mean=60.0; RR=0.999994; sec=; peak_gb=
blk_v2_5000_20260926_172953:tfidf_nabp@50/source,2026-09-26,blocking,tfidf_nabp@50/source,train fold 0 sample; pools = full train S2+S3,5000,norm_v2; top_k per source=50,0.97741,,,,oracle_f05=0.991826; cands_mean=100.0; RR=0.99999; sec=; peak_gb=
blk_v2_5000_20260926_172953:tfidf_nabp@100/source,2026-09-26,blocking,tfidf_nabp@100/source,train fold 0 sample; pools = full train S2+S3,5000,norm_v2; top_k per source=100,0.980306,,,,oracle_f05=0.99299; cands_mean=200.0; RR=0.999981; sec=; peak_gb=
blk_v2_5000_20260926_172953:keys_all,2026-09-26,blocking,keys_all,train fold 0 sample; pools = full train S2+S3,5000,norm_v2; name_exact+name_core+addr_exact+addr_set,0.613763,,,,oracle_f05=0.806216; cands_mean=16.6; RR=0.999998; sec=; peak_gb=
blk_v2_5000_20260926_172953:tfidf_nabp+keys_all,2026-09-26,blocking,tfidf_nabp+keys_all,train fold 0 sample; pools = full train S2+S3,5000,norm_v2; tfidf_nabp+name_exact+name_core+addr_exact+addr_set,0.981001,,,,oracle_f05=0.993527; cands_mean=210.2; RR=0.99998; sec=; peak_gb=
blk_v2b_5000_20260926_173256:tfidf_nab,2026-09-26,blocking,tfidf_nab,train fold 0 sample; pools = full train S2+S3,5000,"norm_v2; {""namespaces"": ""nab"", ""cap_df"": 20000, ""top_r"": 300, ""top_k"": 100, ""rescore"": true, ""work_budget"": 30000000.0, ""ns_weights"": {}}",0.982333,,,,oracle_f05=0.993326; cands_mean=200.0; RR=0.999981; sec=16.51; peak_gb=3.1
blk_v2b_5000_20260926_173256:tfidf_nabp_p0.25,2026-09-26,blocking,tfidf_nabp_p0.25,train fold 0 sample; pools = full train S2+S3,5000,"norm_v2; {""namespaces"": ""nabp"", ""cap_df"": 20000, ""top_r"": 300, ""top_k"": 100, ""rescore"": true, ""work_budget"": 30000000.0, ""ns_weights"": {""p"": 0.25}}",0.984187,,,,oracle_f05=0.99429; cands_mean=200.0; RR=0.999981; sec=18.02; peak_gb=3.1
blk_v2b_5000_20260926_173256:tfidf_nabp_p0.5,2026-09-26,blocking,tfidf_nabp_p0.5,train fold 0 sample; pools = full train S2+S3,5000,"norm_v2; {""namespaces"": ""nabp"", ""cap_df"": 20000, ""top_r"": 300, ""top_k"": 100, ""rescore"": true, ""work_budget"": 30000000.0, ""ns_weights"": {""p"": 0.5}}",0.983376,,,,oracle_f05=0.993896; cands_mean=200.0; RR=0.999981; sec=18.32; peak_gb=3.1
blk_v2b_5000_20260926_173256:tfidf_nabp_p0.75,2026-09-26,blocking,tfidf_nabp_p0.75,train fold 0 sample; pools = full train S2+S3,5000,"norm_v2; {""namespaces"": ""nabp"", ""cap_df"": 20000, ""top_r"": 300, ""top_k"": 100, ""rescore"": true, ""work_budget"": 30000000.0, ""ns_weights"": {""p"": 0.75}}",0.981986,,,,oracle_f05=0.993586; cands_mean=200.0; RR=0.999981; sec=18.54; peak_gb=3.1
blk_v2b_5000_20260926_173256:tfidf_pab,2026-09-26,blocking,tfidf_pab,train fold 0 sample; pools = full train S2+S3,5000,"norm_v2; {""namespaces"": ""pab"", ""cap_df"": 20000, ""top_r"": 300, ""top_k"": 100, ""rescore"": true, ""work_budget"": 30000000.0, ""ns_weights"": {}}",0.967041,,,,oracle_f05=0.988985; cands_mean=200.0; RR=0.999981; sec=15.57; peak_gb=3.1
blk_v2b_5000_20260926_173256:fuse_nab_pab,2026-09-26,blocking,fuse_nab_pab,train fold 0 sample; pools = full train S2+S3,5000,"norm_v2; max-score fusion of tfidf_nab and tfidf_pab, top 100/source",0.984708,,,,oracle_f05=0.99428; cands_mean=200.0; RR=0.999981; sec=; peak_gb=
blk_confirm_20000_20260926_173516:tfidf_nab,2026-09-26,blocking,tfidf_nab,train fold 0 sample; pools = full train S2+S3,20000,"norm_v2; {""namespaces"": ""nab"", ""cap_df"": 20000, ""top_r"": 300, ""top_k"": 100, ""rescore"": true, ""work_budget"": 30000000.0, ""ns_weights"": {}}",0.981292,,,,oracle_f05=0.993367; cands_mean=200.0; RR=0.999981; sec=63.68; peak_gb=3.65
blk_confirm_20000_20260926_173516:tfidf_nabp_p0.25,2026-09-26,blocking,tfidf_nabp_p0.25,train fold 0 sample; pools = full train S2+S3,20000,"norm_v2; {""namespaces"": ""nabp"", ""cap_df"": 20000, ""top_r"": 300, ""top_k"": 100, ""rescore"": true, ""work_budget"": 30000000.0, ""ns_weights"": {""p"": 0.25}}",0.982433,,,,oracle_f05=0.993692; cands_mean=200.0; RR=0.999981; sec=88.13; peak_gb=3.65
blk_confirm_20000_20260926_173516:tfidf_pab,2026-09-26,blocking,tfidf_pab,train fold 0 sample; pools = full train S2+S3,20000,"norm_v2; {""namespaces"": ""pab"", ""cap_df"": 20000, ""top_r"": 300, ""top_k"": 100, ""rescore"": true, ""work_budget"": 30000000.0, ""ns_weights"": {}}",0.968041,,,,oracle_f05=0.98933; cands_mean=200.0; RR=0.999981; sec=63.57; peak_gb=3.65
blk_confirm_20000_20260926_173516:fuse_nab_pab,2026-09-26,blocking,fuse_nab_pab,train fold 0 sample; pools = full train S2+S3,20000,"norm_v2; max-score fusion of tfidf_nab and tfidf_pab, top 100/source",0.983948,,,,oracle_f05=0.994609; cands_mean=200.0; RR=0.999981; sec=; peak_gb=
blk_confirm_20000_20260926_173516:tfidf_nab@10/source,2026-09-26,blocking,tfidf_nab@10/source,train fold 0 sample; pools = full train S2+S3,20000,norm_v2; top_k per source=10,0.954631,,,,oracle_f05=0.984186; cands_mean=20.0; RR=0.999998; sec=; peak_gb=
blk_confirm_20000_20260926_173516:tfidf_nab@20/source,2026-09-26,blocking,tfidf_nab@20/source,train fold 0 sample; pools = full train S2+S3,20000,norm_v2; top_k per source=20,0.967738,,,,oracle_f05=0.988393; cands_mean=40.0; RR=0.999996; sec=; peak_gb=
blk_confirm_20000_20260926_173516:tfidf_nab@30/source,2026-09-26,blocking,tfidf_nab@30/source,train fold 0 sample; pools = full train S2+S3,20000,norm_v2; top_k per source=30,0.972227,,,,oracle_f05=0.990223; cands_mean=60.0; RR=0.999994; sec=; peak_gb=
blk_confirm_20000_20260926_173516:tfidf_nab@50/source,2026-09-26,blocking,tfidf_nab@50/source,train fold 0 sample; pools = full train S2+S3,20000,norm_v2; top_k per source=50,0.97689,,,,oracle_f05=0.99176; cands_mean=100.0; RR=0.99999; sec=; peak_gb=
blk_confirm_20000_20260926_173516:tfidf_nabp_p0.25@10/source,2026-09-26,blocking,tfidf_nabp_p0.25@10/source,train fold 0 sample; pools = full train S2+S3,20000,norm_v2; top_k per source=10,0.958875,,,,oracle_f05=0.985838; cands_mean=20.0; RR=0.999998; sec=; peak_gb=
blk_confirm_20000_20260926_173516:tfidf_nabp_p0.25@20/source,2026-09-26,blocking,tfidf_nabp_p0.25@20/source,train fold 0 sample; pools = full train S2+S3,20000,norm_v2; top_k per source=20,0.970668,,,,oracle_f05=0.989659; cands_mean=40.0; RR=0.999996; sec=; peak_gb=
blk_confirm_20000_20260926_173516:tfidf_nabp_p0.25@30/source,2026-09-26,blocking,tfidf_nabp_p0.25@30/source,train fold 0 sample; pools = full train S2+S3,20000,norm_v2; top_k per source=30,0.974984,,,,oracle_f05=0.991275; cands_mean=60.0; RR=0.999994; sec=; peak_gb=
blk_confirm_20000_20260926_173516:tfidf_nabp_p0.25@50/source,2026-09-26,blocking,tfidf_nabp_p0.25@50/source,train fold 0 sample; pools = full train S2+S3,20000,norm_v2; top_k per source=50,0.978593,,,,oracle_f05=0.992498; cands_mean=100.0; RR=0.99999; sec=; peak_gb=
blk_confirm_20000_20260926_173516:fuse_nab_pab@10/source,2026-09-26,blocking,fuse_nab_pab@10/source,train fold 0 sample; pools = full train S2+S3,20000,norm_v2; top_k per source=10,0.955685,,,,oracle_f05=0.98469; cands_mean=20.0; RR=0.999998; sec=; peak_gb=
blk_confirm_20000_20260926_173516:fuse_nab_pab@20/source,2026-09-26,blocking,fuse_nab_pab@20/source,train fold 0 sample; pools = full train S2+S3,20000,norm_v2; top_k per source=20,0.969946,,,,oracle_f05=0.989599; cands_mean=40.0; RR=0.999996; sec=; peak_gb=
blk_confirm_20000_20260926_173516:fuse_nab_pab@30/source,2026-09-26,blocking,fuse_nab_pab@30/source,train fold 0 sample; pools = full train S2+S3,20000,norm_v2; top_k per source=30,0.974681,,,,oracle_f05=0.991405; cands_mean=60.0; RR=0.999994; sec=; peak_gb=
blk_confirm_20000_20260926_173516:fuse_nab_pab@50/source,2026-09-26,blocking,fuse_nab_pab@50/source,train fold 0 sample; pools = full train S2+S3,20000,norm_v2; top_k per source=50,0.979574,,,,oracle_f05=0.993104; cands_mean=100.0; RR=0.99999; sec=; peak_gb=
blk_confirm_20000_20260926_173516:tfidf_nabp_p0.25@rel0.3,2026-09-26,blocking,tfidf_nabp_p0.25@rel0.3,train fold 0 sample; pools = full train S2+S3,20000,"norm_v2; keep score >= 0.3 x top score; min 5, max 100/source",0.9765,,,,oracle_f05=0.992324; cands_mean=83.1; RR=0.999992; sec=; peak_gb=
blk_confirm_20000_20260926_173516:tfidf_nabp_p0.25@rel0.5,2026-09-26,blocking,tfidf_nabp_p0.25@rel0.5,train fold 0 sample; pools = full train S2+S3,20000,"norm_v2; keep score >= 0.5 x top score; min 5, max 100/source",0.957114,,,,oracle_f05=0.98721; cands_mean=28.2; RR=0.999997; sec=; peak_gb=
blk_confirm_20000_20260926_173516:tfidf_nabp_p0.25@rel0.7,2026-09-26,blocking,tfidf_nabp_p0.25@rel0.7,train fold 0 sample; pools = full train S2+S3,20000,"norm_v2; keep score >= 0.7 x top score; min 5, max 100/source",0.942332,,,,oracle_f05=0.982076; cands_mean=13.3; RR=0.999999; sec=; peak_gb=
blk_confirm_20000_20260926_173516:fuse_nab_pab@rel0.3,2026-09-26,blocking,fuse_nab_pab@rel0.3,train fold 0 sample; pools = full train S2+S3,20000,"norm_v2; keep score >= 0.3 x top score; min 5, max 100/source",0.97637,,,,oracle_f05=0.992784; cands_mean=83.7; RR=0.999992; sec=; peak_gb=
blk_confirm_20000_20260926_173516:fuse_nab_pab@rel0.5,2026-09-26,blocking,fuse_nab_pab@rel0.5,train fold 0 sample; pools = full train S2+S3,20000,"norm_v2; keep score >= 0.5 x top score; min 5, max 100/source",0.954385,,,,oracle_f05=0.98669; cands_mean=28.5; RR=0.999997; sec=; peak_gb=
blk_confirm_20000_20260926_173516:fuse_nab_pab@rel0.7,2026-09-26,blocking,fuse_nab_pab@rel0.7,train fold 0 sample; pools = full train S2+S3,20000,"norm_v2; keep score >= 0.7 x top score; min 5, max 100/source",0.937395,,,,oracle_f05=0.980491; cands_mean=13.6; RR=0.999999; sec=; peak_gb=
blk_confirm_20000_20260926_173923:tfidf_nab,2026-09-26,blocking,tfidf_nab,train fold 0 sample; pools = full train S2+S3,20000,"norm_v2; {""namespaces"": ""nab"", ""cap_df"": 20000, ""top_r"": 300, ""top_k"": 100, ""rescore"": true, ""work_budget"": 30000000.0, ""ns_weights"": {}}",0.981973,,,,oracle_f05=0.993832; cands_mean=200.0; RR=0.999981; sec=97.92; peak_gb=3.67
blk_confirm_20000_20260926_173923:tfidf_nabp_p0.25,2026-09-26,blocking,tfidf_nabp_p0.25,train fold 0 sample; pools = full train S2+S3,20000,"norm_v2; {""namespaces"": ""nabp"", ""cap_df"": 20000, ""top_r"": 300, ""top_k"": 100, ""rescore"": true, ""work_budget"": 30000000.0, ""ns_weights"": {""p"": 0.25}}",0.98329,,,,oracle_f05=0.994541; cands_mean=200.0; RR=0.999981; sec=103.93; peak_gb=3.67
blk_confirm_20000_20260926_173923:tfidf_pab,2026-09-26,blocking,tfidf_pab,train fold 0 sample; pools = full train S2+S3,20000,"norm_v2; {""namespaces"": ""pab"", ""cap_df"": 20000, ""top_r"": 300, ""top_k"": 100, ""rescore"": true, ""work_budget"": 30000000.0, ""ns_weights"": {}}",0.967464,,,,oracle_f05=0.988696; cands_mean=200.0; RR=0.999981; sec=97.4; peak_gb=3.67
blk_confirm_20000_20260926_173923:fuse_nab_pab,2026-09-26,blocking,fuse_nab_pab,train fold 0 sample; pools = full train S2+S3,20000,"norm_v2; max-score fusion of tfidf_nab and tfidf_pab, top 100/source",0.984507,,,,oracle_f05=0.994865; cands_mean=200.0; RR=0.999981; sec=; peak_gb=
blk_confirm_20000_20260926_173923:tfidf_nab@10/source,2026-09-26,blocking,tfidf_nab@10/source,train fold 0 sample; pools = full train S2+S3,20000,norm_v2; top_k per source=10,0.953795,,,,oracle_f05=0.984223; cands_mean=20.0; RR=0.999998; sec=; peak_gb=
blk_confirm_20000_20260926_173923:tfidf_nab@20/source,2026-09-26,blocking,tfidf_nab@20/source,train fold 0 sample; pools = full train S2+S3,20000,norm_v2; top_k per source=20,0.968145,,,,oracle_f05=0.989013; cands_mean=40.0; RR=0.999996; sec=; peak_gb=
blk_confirm_20000_20260926_173923:tfidf_nab@30/source,2026-09-26,blocking,tfidf_nab@30/source,train fold 0 sample; pools = full train S2+S3,20000,norm_v2; top_k per source=30,0.972836,,,,oracle_f05=0.990832; cands_mean=60.0; RR=0.999994; sec=; peak_gb=
blk_confirm_20000_20260926_173923:tfidf_nab@50/source,2026-09-26,blocking,tfidf_nab@50/source,train fold 0 sample; pools = full train S2+S3,20000,norm_v2; top_k per source=50,0.977513,,,,oracle_f05=0.992392; cands_mean=100.0; RR=0.99999; sec=; peak_gb=
blk_confirm_20000_20260926_173923:tfidf_nabp_p0.25@10/source,2026-09-26,blocking,tfidf_nabp_p0.25@10/source,train fold 0 sample; pools = full train S2+S3,20000,norm_v2; top_k per source=10,0.95798,,,,oracle_f05=0.985833; cands_mean=20.0; RR=0.999998; sec=; peak_gb=
blk_confirm_20000_20260926_173923:tfidf_nabp_p0.25@20/source,2026-09-26,blocking,tfidf_nabp_p0.25@20/source,train fold 0 sample; pools = full train S2+S3,20000,norm_v2; top_k per source=20,0.970939,,,,oracle_f05=0.990047; cands_mean=40.0; RR=0.999996; sec=; peak_gb=
blk_confirm_20000_20260926_173923:tfidf_nabp_p0.25@30/source,2026-09-26,blocking,tfidf_nabp_p0.25@30/source,train fold 0 sample; pools = full train S2+S3,20000,norm_v2; top_k per source=30,0.975486,,,,oracle_f05=0.991898; cands_mean=60.0; RR=0.999994; sec=; peak_gb=
blk_confirm_20000_20260926_173923:tfidf_nabp_p0.25@50/source,2026-09-26,blocking,tfidf_nabp_p0.25@50/source,train fold 0 sample; pools = full train S2+S3,20000,norm_v2; top_k per source=50,0.979468,,,,oracle_f05=0.993223; cands_mean=100.0; RR=0.99999; sec=; peak_gb=
blk_confirm_20000_20260926_173923:fuse_nab_pab@10/source,2026-09-26,blocking,fuse_nab_pab@10/source,train fold 0 sample; pools = full train S2+S3,20000,norm_v2; top_k per source=10,0.955446,,,,oracle_f05=0.984901; cands_mean=20.0; RR=0.999998; sec=; peak_gb=
blk_confirm_20000_20260926_173923:fuse_nab_pab@20/source,2026-09-26,blocking,fuse_nab_pab@20/source,train fold 0 sample; pools = full train S2+S3,20000,norm_v2; top_k per source=20,0.970432,,,,oracle_f05=0.989881; cands_mean=40.0; RR=0.999996; sec=; peak_gb=
blk_confirm_20000_20260926_173923:fuse_nab_pab@30/source,2026-09-26,blocking,fuse_nab_pab@30/source,train fold 0 sample; pools = full train S2+S3,20000,norm_v2; top_k per source=30,0.975269,,,,oracle_f05=0.991632; cands_mean=60.0; RR=0.999994; sec=; peak_gb=
blk_confirm_20000_20260926_173923:fuse_nab_pab@50/source,2026-09-26,blocking,fuse_nab_pab@50/source,train fold 0 sample; pools = full train S2+S3,20000,norm_v2; top_k per source=50,0.980061,,,,oracle_f05=0.993413; cands_mean=100.0; RR=0.99999; sec=; peak_gb=
blk_confirm_20000_20260926_173923:tfidf_nabp_p0.25@rel0.3,2026-09-26,blocking,tfidf_nabp_p0.25@rel0.3,train fold 0 sample; pools = full train S2+S3,20000,"norm_v2; keep score >= 0.3 x top score; min 5, max 100/source",0.976311,,,,oracle_f05=0.99289; cands_mean=83.3; RR=0.999992; sec=; peak_gb=
blk_confirm_20000_20260926_173923:tfidf_nabp_p0.25@rel0.5,2026-09-26,blocking,tfidf_nabp_p0.25@rel0.5,train fold 0 sample; pools = full train S2+S3,20000,"norm_v2; keep score >= 0.5 x top score; min 5, max 100/source",0.956792,,,,oracle_f05=0.987066; cands_mean=28.6; RR=0.999997; sec=; peak_gb=
blk_confirm_20000_20260926_173923:tfidf_nabp_p0.25@rel0.7,2026-09-26,blocking,tfidf_nabp_p0.25@rel0.7,train fold 0 sample; pools = full train S2+S3,20000,"norm_v2; keep score >= 0.7 x top score; min 5, max 100/source",0.942385,,,,oracle_f05=0.9817; cands_mean=13.6; RR=0.999999; sec=; peak_gb=
blk_confirm_20000_20260926_173923:fuse_nab_pab@rel0.3,2026-09-26,blocking,fuse_nab_pab@rel0.3,train fold 0 sample; pools = full train S2+S3,20000,"norm_v2; keep score >= 0.3 x top score; min 5, max 100/source",0.976818,,,,oracle_f05=0.99301; cands_mean=84.1; RR=0.999992; sec=; peak_gb=
blk_confirm_20000_20260926_173923:fuse_nab_pab@rel0.5,2026-09-26,blocking,fuse_nab_pab@rel0.5,train fold 0 sample; pools = full train S2+S3,20000,"norm_v2; keep score >= 0.5 x top score; min 5, max 100/source",0.954331,,,,oracle_f05=0.986332; cands_mean=28.9; RR=0.999997; sec=; peak_gb=
blk_confirm_20000_20260926_173923:fuse_nab_pab@rel0.7,2026-09-26,blocking,fuse_nab_pab@rel0.7,train fold 0 sample; pools = full train S2+S3,20000,"norm_v2; keep score >= 0.7 x top score; min 5, max 100/source",0.937578,,,,oracle_f05=0.979719; cands_mean=13.8; RR=0.999999; sec=; peak_gb=
blk_cap2_5000_20260926_174616:nab_c5k,2026-09-26,blocking,nab_c5k,train fold 0 sample; pools = full train S2+S3,5000,"norm_v2; {""namespaces"": ""nab"", ""cap_df"": 5000, ""top_r"": 300, ""top_k"": 100, ""rescore"": true, ""work_budget"": 30000000.0, ""ns_weights"": {}}",0.965941,,,,oracle_f05=0.987031; cands_mean=199.6; RR=0.999981; sec=9.43; peak_gb=3.33
blk_cap2_5000_20260926_174616:pab_c5k,2026-09-26,blocking,pab_c5k,train fold 0 sample; pools = full train S2+S3,5000,"norm_v2; {""namespaces"": ""pab"", ""cap_df"": 5000, ""top_r"": 300, ""top_k"": 100, ""rescore"": true, ""work_budget"": 30000000.0, ""ns_weights"": {}}",0.943408,,,,oracle_f05=0.978715; cands_mean=199.3; RR=0.999981; sec=9.04; peak_gb=3.33
blk_cap2_5000_20260926_174616:nab_c20k,2026-09-26,blocking,nab_c20k,train fold 0 sample; pools = full train S2+S3,5000,"norm_v2; {""namespaces"": ""nab"", ""cap_df"": 20000, ""top_r"": 300, ""top_k"": 100, ""rescore"": true, ""work_budget"": 30000000.0, ""ns_weights"": {}}",0.982333,,,,oracle_f05=0.993326; cands_mean=200.0; RR=0.999981; sec=26.86; peak_gb=3.33
blk_cap2_5000_20260926_174616:pab_c20k,2026-09-26,blocking,pab_c20k,train fold 0 sample; pools = full train S2+S3,5000,"norm_v2; {""namespaces"": ""pab"", ""cap_df"": 20000, ""top_r"": 300, ""top_k"": 100, ""rescore"": true, ""work_budget"": 30000000.0, ""ns_weights"": {}}",0.967041,,,,oracle_f05=0.988985; cands_mean=200.0; RR=0.999981; sec=25.95; peak_gb=3.33
blk_cap2_5000_20260926_174616:nab_c100k,2026-09-26,blocking,nab_c100k,train fold 0 sample; pools = full train S2+S3,5000,"norm_v2; {""namespaces"": ""nab"", ""cap_df"": 100000, ""top_r"": 300, ""top_k"": 100, ""rescore"": true, ""work_budget"": 60000000.0, ""ns_weights"": {}}",0.985229,,,,oracle_f05=0.994965; cands_mean=200.0; RR=0.999981; sec=111.92; peak_gb=3.33
blk_cap2_5000_20260926_174616:pab_c100k,2026-09-26,blocking,pab_c100k,train fold 0 sample; pools = full train S2+S3,5000,"norm_v2; {""namespaces"": ""pab"", ""cap_df"": 100000, ""top_r"": 300, ""top_k"": 100, ""rescore"": true, ""work_budget"": 60000000.0, ""ns_weights"": {}}",0.973529,,,,oracle_f05=0.991223; cands_mean=200.0; RR=0.999981; sec=116.89; peak_gb=3.33
blk_cap2_5000_20260926_174616:nab_r1000,2026-09-26,blocking,nab_r1000,train fold 0 sample; pools = full train S2+S3,5000,"norm_v2; {""namespaces"": ""nab"", ""cap_df"": 20000, ""top_r"": 1000, ""top_k"": 100, ""rescore"": true, ""work_budget"": 30000000.0, ""ns_weights"": {}}",0.984013,,,,oracle_f05=0.994479; cands_mean=200.0; RR=0.999981; sec=29.13; peak_gb=3.33
blk_cap2_5000_20260926_174616:pab_r1000,2026-09-26,blocking,pab_r1000,train fold 0 sample; pools = full train S2+S3,5000,"norm_v2; {""namespaces"": ""pab"", ""cap_df"": 20000, ""top_r"": 1000, ""top_k"": 100, ""rescore"": true, ""work_budget"": 30000000.0, ""ns_weights"": {}}",0.970633,,,,oracle_f05=0.990051; cands_mean=200.0; RR=0.999981; sec=31.12; peak_gb=3.33
blk_cap2_5000_20260926_174616:fuse_c5k,2026-09-26,blocking,fuse_c5k,train fold 0 sample; pools = full train S2+S3,5000,"norm_v2; max-score fusion of nab_c5k and pab_c5k, top 100/source",0.966578,,,,oracle_f05=0.987258; cands_mean=199.6; RR=0.999981; sec=; peak_gb=
blk_cap2_5000_20260926_174616:fuse_c20k,2026-09-26,blocking,fuse_c20k,train fold 0 sample; pools = full train S2+S3,5000,"norm_v2; max-score fusion of nab_c20k and pab_c20k, top 100/source",0.984708,,,,oracle_f05=0.99428; cands_mean=200.0; RR=0.999981; sec=; peak_gb=
blk_cap2_5000_20260926_174616:fuse_c100k,2026-09-26,blocking,fuse_c100k,train fold 0 sample; pools = full train S2+S3,5000,"norm_v2; max-score fusion of nab_c100k and pab_c100k, top 100/source",0.987952,,,,oracle_f05=0.995868; cands_mean=200.0; RR=0.999981; sec=; peak_gb=
blk_cap2_5000_20260926_174616:fuse_r1000,2026-09-26,blocking,fuse_r1000,train fold 0 sample; pools = full train S2+S3,5000,"norm_v2; max-score fusion of nab_r1000 and pab_r1000, top 100/source",0.986388,,,,oracle_f05=0.995443; cands_mean=200.0; RR=0.999981; sec=; peak_gb=
blk_cap2_5000_20260926_174616:fuse_c5k@20/source,2026-09-26,blocking,fuse_c5k@20/source,train fold 0 sample; pools = full train S2+S3,5000,norm_v2; top_k per source=20,0.959337,,,,oracle_f05=0.985067; cands_mean=40.0; RR=0.999996; sec=; peak_gb=
blk_cap2_5000_20260926_174616:fuse_c5k@50/source,2026-09-26,blocking,fuse_c5k@50/source,train fold 0 sample; pools = full train S2+S3,5000,norm_v2; top_k per source=50,0.964377,,,,oracle_f05=0.986593; cands_mean=99.9; RR=0.99999; sec=; peak_gb=
blk_cap2_5000_20260926_174616:fuse_c20k@20/source,2026-09-26,blocking,fuse_c20k@20/source,train fold 0 sample; pools = full train S2+S3,5000,norm_v2; top_k per source=20,0.971443,,,,oracle_f05=0.989869; cands_mean=40.0; RR=0.999996; sec=; peak_gb=
blk_cap2_5000_20260926_174616:fuse_c20k@50/source,2026-09-26,blocking,fuse_c20k@50/source,train fold 0 sample; pools = full train S2+S3,5000,norm_v2; top_k per source=50,0.980306,,,,oracle_f05=0.992817; cands_mean=100.0; RR=0.99999; sec=; peak_gb=
blk_cap2_5000_20260926_174616:fuse_c100k@20/source,2026-09-26,blocking,fuse_c100k@20/source,train fold 0 sample; pools = full train S2+S3,5000,norm_v2; top_k per source=20,0.972254,,,,oracle_f05=0.990244; cands_mean=40.0; RR=0.999996; sec=; peak_gb=
blk_cap2_5000_20260926_174616:fuse_c100k@50/source,2026-09-26,blocking,fuse_c100k@50/source,train fold 0 sample; pools = full train S2+S3,5000,norm_v2; top_k per source=50,0.982391,,,,oracle_f05=0.993759; cands_mean=100.0; RR=0.99999; sec=; peak_gb=
blk_cap2_5000_20260926_174616:fuse_r1000@20/source,2026-09-26,blocking,fuse_r1000@20/source,train fold 0 sample; pools = full train S2+S3,5000,norm_v2; top_k per source=20,0.971965,,,,oracle_f05=0.990205; cands_mean=40.0; RR=0.999996; sec=; peak_gb=
blk_cap2_5000_20260926_174616:fuse_r1000@50/source,2026-09-26,blocking,fuse_r1000@50/source,train fold 0 sample; pools = full train S2+S3,5000,norm_v2; top_k per source=50,0.981175,,,,oracle_f05=0.993433; cands_mean=100.0; RR=0.99999; sec=; peak_gb=
blk_cap3_5000_20260926_175359:nab_r1000,2026-09-26,blocking,nab_r1000,train fold 0 sample; pools = full train S2+S3,5000,"norm_v2; {""namespaces"": ""nab"", ""cap_df"": 20000, ""top_r"": 1000, ""top_k"": 100, ""rescore"": true, ""work_budget"": 30000000.0, ""min_feats"": 1, ""hard_cap_df"": 0, ""ns_weights"": {}}",0.984013,,,,oracle_f05=0.994479; cands_mean=200.0; RR=0.999981; sec=28.32; peak_gb=3.64
blk_cap3_5000_20260926_175359:pab_r1000,2026-09-26,blocking,pab_r1000,train fold 0 sample; pools = full train S2+S3,5000,"norm_v2; {""namespaces"": ""pab"", ""cap_df"": 20000, ""top_r"": 1000, ""top_k"": 100, ""rescore"": true, ""work_budget"": 30000000.0, ""min_feats"": 1, ""hard_cap_df"": 0, ""ns_weights"": {}}",0.970633,,,,oracle_f05=0.990051; cands_mean=200.0; RR=0.999981; sec=28.36; peak_gb=3.64
blk_cap3_5000_20260926_175359:nab_min3,2026-09-26,blocking,nab_min3,train fold 0 sample; pools = full train S2+S3,5000,"norm_v2; {""namespaces"": ""nab"", ""cap_df"": 20000, ""top_r"": 1000, ""top_k"": 100, ""rescore"": true, ""work_budget"": 60000000.0, ""min_feats"": 3, ""hard_cap_df"": 200000, ""ns_weights"": {}}",0.984013,,,,oracle_f05=0.994479; cands_mean=200.0; RR=0.999981; sec=29.17; peak_gb=3.64
blk_cap3_5000_20260926_175359:pab_min3,2026-09-26,blocking,pab_min3,train fold 0 sample; pools = full train S2+S3,5000,"norm_v2; {""namespaces"": ""pab"", ""cap_df"": 20000, ""top_r"": 1000, ""top_k"": 100, ""rescore"": true, ""work_budget"": 60000000.0, ""min_feats"": 3, ""hard_cap_df"": 200000, ""ns_weights"": {}}",0.970633,,,,oracle_f05=0.990051; cands_mean=200.0; RR=0.999981; sec=30.22; peak_gb=3.64
blk_cap3_5000_20260926_175359:nab_c50k,2026-09-26,blocking,nab_c50k,train fold 0 sample; pools = full train S2+S3,5000,"norm_v2; {""namespaces"": ""nab"", ""cap_df"": 50000, ""top_r"": 1000, ""top_k"": 100, ""rescore"": true, ""work_budget"": 60000000.0, ""min_feats"": 1, ""hard_cap_df"": 0, ""ns_weights"": {}}",0.985114,,,,oracle_f05=0.994909; cands_mean=200.0; RR=0.999981; sec=52.18; peak_gb=3.64
blk_cap3_5000_20260926_175359:pab_c50k,2026-09-26,blocking,pab_c50k,train fold 0 sample; pools = full train S2+S3,5000,"norm_v2; {""namespaces"": ""pab"", ""cap_df"": 50000, ""top_r"": 1000, ""top_k"": 100, ""rescore"": true, ""work_budget"": 60000000.0, ""min_feats"": 1, ""hard_cap_df"": 0, ""ns_weights"": {}}",0.973703,,,,oracle_f05=0.991183; cands_mean=200.0; RR=0.999981; sec=56.88; peak_gb=3.64
blk_cap3_5000_20260926_175359:fuse_r1000,2026-09-26,blocking,fuse_r1000,train fold 0 sample; pools = full train S2+S3,5000,"norm_v2; max-score fusion of nab_r1000 and pab_r1000, top 100/source",0.986388,,,,oracle_f05=0.995443; cands_mean=200.0; RR=0.999981; sec=; peak_gb=
blk_cap3_5000_20260926_175359:fuse_min3,2026-09-26,blocking,fuse_min3,train fold 0 sample; pools = full train S2+S3,5000,"norm_v2; max-score fusion of nab_min3 and pab_min3, top 100/source",0.986388,,,,oracle_f05=0.995443; cands_mean=200.0; RR=0.999981; sec=; peak_gb=
blk_cap3_5000_20260926_175359:fuse_c50k,2026-09-26,blocking,fuse_c50k,train fold 0 sample; pools = full train S2+S3,5000,"norm_v2; max-score fusion of nab_c50k and pab_c50k, top 100/source",0.987662,,,,oracle_f05=0.995761; cands_mean=200.0; RR=0.999981; sec=; peak_gb=
blk_cap3_5000_20260926_175359:fuse_r1000@20/source,2026-09-26,blocking,fuse_r1000@20/source,train fold 0 sample; pools = full train S2+S3,5000,norm_v2; top_k per source=20,0.971965,,,,oracle_f05=0.990205; cands_mean=40.0; RR=0.999996; sec=; peak_gb=
blk_cap3_5000_20260926_175359:fuse_r1000@50/source,2026-09-26,blocking,fuse_r1000@50/source,train fold 0 sample; pools = full train S2+S3,5000,norm_v2; top_k per source=50,0.981175,,,,oracle_f05=0.993433; cands_mean=100.0; RR=0.99999; sec=; peak_gb=
blk_cap3_5000_20260926_175359:fuse_min3@20/source,2026-09-26,blocking,fuse_min3@20/source,train fold 0 sample; pools = full train S2+S3,5000,norm_v2; top_k per source=20,0.971965,,,,oracle_f05=0.990205; cands_mean=40.0; RR=0.999996; sec=; peak_gb=
blk_cap3_5000_20260926_175359:fuse_min3@50/source,2026-09-26,blocking,fuse_min3@50/source,train fold 0 sample; pools = full train S2+S3,5000,norm_v2; top_k per source=50,0.981175,,,,oracle_f05=0.993433; cands_mean=100.0; RR=0.99999; sec=; peak_gb=
blk_cap3_5000_20260926_175359:fuse_c50k@20/source,2026-09-26,blocking,fuse_c50k@20/source,train fold 0 sample; pools = full train S2+S3,5000,norm_v2; top_k per source=20,0.972254,,,,oracle_f05=0.990244; cands_mean=40.0; RR=0.999996; sec=; peak_gb=
blk_cap3_5000_20260926_175359:fuse_c50k@50/source,2026-09-26,blocking,fuse_c50k@50/source,train fold 0 sample; pools = full train S2+S3,5000,norm_v2; top_k per source=50,0.982159,,,,oracle_f05=0.993693; cands_mean=100.0; RR=0.99999; sec=; peak_gb=
